order_id,customer_id,product_id,store_id,region,sales_channel,order_date,quantity,unit_price,discount
1000,C0103,P040,S02,West,Offline,2023-01-01,2,210,0.05
1001,C0180,P049,S02,East,Online,2023-01-02,2,976,0.0
1002,C0093,P044,S02,West,Online,2023-01-03,1,1977,0.1
1003,C0015,P019,S02,North,Offline,2023-01-04,1,1166,0.15
1004,C0107,P042,S02,East,Offline,2023-01-05,3,310,0.15
1005,C0072,P041,S02,South,Offline,2023-01-06,3,1323,0.05
1006,C0189,P037,S04,East,Online,2023-01-07,5,1933,0.05
1007,C0021,P006,S01,East,Online,2023-01-08,1,957,0.15
1008,C0103,P026,S03,Central,Online,2023-01-09,5,1875,0.05
1009,C0122,P034,S05,East,Offline,2023-01-10,4,726,0.1
1010,C0075,P045,S03,East,Online,2023-01-11,5,1149,0.05
1011,C0088,P006,S03,West,Offline,2023-01-12,2,398,0.05
1012,C0117,P037,S01,South,Online,2023-01-13,5,1200,0.15
1013,C0100,P033,S01,West,Offline,2023-01-14,3,1023,0.15
1014,C0104,P022,S01,West,Online,2023-01-15,4,236,0.0
1015,C0152,P021,S02,North,Online,2023-01-16,2,1143,0.0
1016,C0131,P006,S04,West,Online,2023-01-17,5,539,0.15
1017,C0150,P006,S02,Central,Offline,2023-01-18,4,310,0.05
1018,C0053,P048,S04,Central,Offline,2023-01-19,4,851,0.05
1019,C0002,P004,S04,North,Online,2023-01-20,2,1674,0.0
1020,C0088,P030,S03,South,Online,2023-01-21,5,534,0.0
1021,C0158,P011,S03,South,Online,2023-01-22,4,879,0.0
1022,C0038,P030,S04,West,Offline,2023-01-23,4,1330,0.1
1023,C0130,P031,S04,West,Online,2023-01-24,1,538,0.1
1024,C0192,P024,S02,West,Online,2023-01-25,4,1902,0.0
1025,C0188,P009,S02,South,Online,2023-01-26,1,765,0.05
1026,C0021,P003,S03,East,Online,2023-01-27,5,1165,0.0
1027,C0161,P031,S01,Central,Offline,2023-01-28,5,510,0.1
1028,C0058,P040,S04,East,Offline,2023-01-29,5,1646,0.05
1029,C0022,P037,S02,East,Online,2023-01-30,3,905,0.1
1030,C0089,P036,S03,South,Online,2023-01-31,5,709,0.05
1031,C0049,P024,S02,East,Offline,2023-02-01,4,526,0.1
1032,C0059,P031,S04,North,Offline,2023-02-02,2,1398,0.05
1033,C0170,P006,S04,West,Online,2023-02-03,1,1571,0.05
1034,C0188,P002,S05,North,Offline,2023-02-04,3,1001,0.05
1035,C0015,P020,S01,Central,Offline,2023-02-05,5,1041,0.05
1036,C0190,P028,S05,West,Online,2023-02-06,5,841,0.15
1037,C0190,P011,S03,East,Offline,2023-02-07,2,1492,0.1
1038,C0175,P004,S02,Central,Offline,2023-02-08,2,1343,0.1
1039,C0190,P015,S03,West,Online,2023-02-09,3,1700,0.15
1040,C0051,P006,S04,East,Online,2023-02-10,1,1990,0.05
1041,C0108,P049,S05,North,Offline,2023-02-11,5,1355,0.05
1042,C0055,P030,S05,West,Online,2023-02-12,3,427,0.1
1043,C0064,P038,S05,East,Offline,2023-02-13,4,1566,0.15
1044,C0131,P002,S03,North,Online,2023-02-14,4,151,0.05
1045,C0051,P015,S04,Central,Offline,2023-02-15,3,475,0.05
1046,C0135,P011,S02,Central,Online,2023-02-16,5,362,0.05
1047,C0021,P008,S02,Central,Offline,2023-02-17,3,366,0.0
1048,C0073,P026,S03,Central,Offline,2023-02-18,5,458,0.15
1049,C0167,P045,S05,South,Offline,2023-02-19,2,1440,0.05
1050,C0018,P044,S01,West,Online,2023-02-20,3,1447,0.0
1051,C0132,P005,S03,West,Online,2023-02-21,5,1789,0.15
1052,C0089,P006,S03,South,Offline,2023-02-22,3,1993,0.05
1053,C0060,P026,S04,East,Offline,2023-02-23,3,751,0.1
1054,C0014,P004,S02,East,Online,2023-02-24,5,1686,0.0
1055,C0009,P019,S03,Central,Online,2023-02-25,5,1752,0.0
1056,C0090,P020,S03,North,Online,2023-02-26,1,1544,0.05
1057,C0053,P033,S05,East,Online,2023-02-27,3,145,0.05
1058,C0130,P020,S05,North,Online,2023-02-28,4,1944,0.0
1059,C0084,P049,S01,West,Online,2023-03-01,3,699,0.1
1060,C0092,P012,S04,North,Offline,2023-03-02,3,819,0.1
1061,C0111,P047,S01,West,Online,2023-03-03,5,1392,0.15
1062,C0188,P001,S05,South,Offline,2023-03-04,3,700,0.05
1063,C0199,P026,S02,South,Online,2023-03-05,3,480,0.1
1064,C0172,P014,S05,Central,Online,2023-03-06,4,217,0.15
1065,C0008,P038,S04,East,Offline,2023-03-07,5,1689,0.1
1066,C0175,P037,S05,Central,Offline,2023-03-08,3,215,0.05
1067,C0035,P011,S04,West,Online,2023-03-09,2,1753,0.15
1068,C0081,P036,S04,Central,Offline,2023-03-10,1,359,0.15
1069,C0164,P013,S04,North,Offline,2023-03-11,4,1198,0.15
1070,C0050,P043,S04,West,Offline,2023-03-12,3,1603,0.1
1071,C0104,P003,S04,South,Offline,2023-03-13,2,404,0.05
1072,C0132,P033,S02,East,Online,2023-03-14,3,106,0.15
1073,C0002,P006,S01,West,Offline,2023-03-15,3,465,0.0
1074,C0134,P050,S03,West,Online,2023-03-16,5,1757,0.05
1075,C0054,P010,S01,North,Online,2023-03-17,5,622,0.0
1076,C0106,P005,S04,East,Online,2023-03-18,5,1471,0.0
1077,C0004,P023,S02,South,Online,2023-03-19,2,1561,0.15
1078,C0054,P010,S05,West,Offline,2023-03-20,3,1338,0.15
1079,C0191,P044,S02,West,Offline,2023-03-21,1,528,0.1
1080,C0146,P002,S04,North,Online,2023-03-22,4,890,0.1
1081,C0044,P013,S02,Central,Online,2023-03-23,5,1621,0.1
1082,C0162,P040,S02,South,Online,2023-03-24,5,1663,0.05
1083,C0190,P002,S04,East,Online,2023-03-25,3,846,0.1
1084,C0014,P020,S02,West,Offline,2023-03-26,3,466,0.0
1085,C0095,P001,S03,West,Online,2023-03-27,2,412,0.1
1086,C0048,P037,S03,South,Offline,2023-03-28,2,637,0.15
1087,C0015,P009,S02,Central,Online,2023-03-29,5,1020,0.1
1088,C0200,P017,S05,West,Online,2023-03-30,3,1177,0.05
1089,C0190,P009,S04,South,Online,2023-03-31,1,1664,0.05
1090,C0040,P011,S03,North,Online,2023-04-01,4,1590,0.0
1091,C0082,P015,S05,Central,Offline,2023-04-02,3,964,0.05
1092,C0111,P024,S02,East,Offline,2023-04-03,3,1287,0.1
1093,C0053,P038,S05,West,Offline,2023-04-04,2,881,0.15
1094,C0024,P035,S01,South,Online,2023-04-05,4,433,0.05
1095,C0154,P030,S03,North,Online,2023-04-06,5,1670,0.0
1096,C0188,P031,S02,East,Offline,2023-04-07,3,897,0.1
1097,C0124,P049,S04,South,Offline,2023-04-08,5,447,0.0
1098,C0041,P005,S02,South,Online,2023-04-09,3,372,0.05
1099,C0157,P044,S04,East,Online,2023-04-10,5,1062,0.05
1100,C0015,P050,S02,North,Offline,2023-04-11,4,819,0.0
1101,C0045,P014,S05,North,Online,2023-04-12,2,1873,0.1
1102,C0065,P011,S05,Central,Online,2023-04-13,4,1537,0.05
1103,C0089,P009,S05,West,Offline,2023-04-14,1,599,0.15
1104,C0071,P034,S01,East,Online,2023-04-15,2,1216,0.05
1105,C0009,P012,S04,East,Offline,2023-04-16,4,784,0.1
1106,C0088,P035,S05,East,Online,2023-04-17,1,178,0.05
1107,C0129,P035,S01,North,Offline,2023-04-18,3,721,0.0
1108,C0136,P001,S04,West,Online,2023-04-19,3,1340,0.05
1109,C0063,P040,S02,Central,Offline,2023-04-20,5,1046,0.05
1110,C0139,P022,S01,South,Offline,2023-04-21,2,457,0.1
1111,C0081,P029,S03,South,Offline,2023-04-22,3,717,0.0
1112,C0136,P008,S01,East,Offline,2023-04-23,2,606,0.1
1113,C0163,P011,S01,West,Online,2023-04-24,3,1682,0.05
1114,C0163,P041,S04,North,Online,2023-04-25,5,1304,0.15
1115,C0033,P037,S02,West,Offline,2023-04-26,4,675,0.05
1116,C0123,P014,S03,West,Online,2023-04-27,5,1369,0.1
1117,C0005,P030,S05,North,Online,2023-04-28,1,343,0.15
1118,C0041,P035,S05,East,Online,2023-04-29,3,605,0.1
1119,C0028,P021,S01,West,Online,2023-04-30,1,521,0.1
1120,C0135,P037,S04,South,Online,2023-05-01,1,1443,0.0
1121,C0072,P005,S04,North,Offline,2023-05-02,2,1210,0.15
1122,C0012,P019,S05,Central,Offline,2023-05-03,3,316,0.05
1123,C0162,P014,S03,East,Offline,2023-05-04,1,1613,0.1
1124,C0033,P026,S02,North,Offline,2023-05-05,4,1642,0.05
1125,C0048,P004,S03,Central,Online,2023-05-06,1,1401,0.0
1126,C0151,P025,S02,Central,Online,2023-05-07,4,1972,0.0
1127,C0062,P045,S05,West,Offline,2023-05-08,2,1845,0.15
1128,C0037,P042,S02,West,Online,2023-05-09,1,1108,0.0
1129,C0099,P025,S04,West,Online,2023-05-10,5,1292,0.0
1130,C0172,P018,S01,North,Offline,2023-05-11,2,429,0.05
1131,C0104,P040,S01,North,Online,2023-05-12,4,749,0.0
1132,C0035,P008,S05,East,Offline,2023-05-13,2,1564,0.0
1133,C0193,P039,S04,West,Offline,2023-05-14,1,490,0.1
1134,C0101,P040,S03,Central,Online,2023-05-15,3,1619,0.0
1135,C0175,P014,S04,South,Online,2023-05-16,3,480,0.1
1136,C0131,P032,S01,East,Offline,2023-05-17,4,1429,0.0
1137,C0001,P038,S01,North,Offline,2023-05-18,4,841,0.0
1138,C0005,P033,S04,East,Online,2023-05-19,3,919,0.15
1139,C0142,P023,S04,East,Offline,2023-05-20,4,772,0.15
1140,C0103,P015,S01,East,Offline,2023-05-21,2,612,0.1
1141,C0027,P033,S03,East,Offline,2023-05-22,5,1871,0.0
1142,C0137,P025,S05,South,Online,2023-05-23,5,1048,0.05
1143,C0015,P017,S05,West,Offline,2023-05-24,2,1311,0.15
1144,C0090,P033,S04,Central,Online,2023-05-25,5,1029,0.05
1145,C0042,P047,S05,East,Offline,2023-05-26,1,1639,0.15
1146,C0124,P002,S01,East,Online,2023-05-27,2,1012,0.15
1147,C0179,P014,S01,East,Offline,2023-05-28,4,743,0.0
1148,C0063,P040,S04,West,Online,2023-05-29,2,526,0.15
1149,C0096,P040,S04,North,Online,2023-05-30,3,601,0.05
1150,C0052,P039,S04,North,Online,2023-05-31,4,829,0.15
1151,C0096,P006,S03,South,Offline,2023-06-01,3,1383,0.1
1152,C0132,P006,S05,North,Offline,2023-06-02,4,1636,0.0
1153,C0151,P003,S04,East,Offline,2023-06-03,5,170,0.0
1154,C0143,P007,S02,East,Online,2023-06-04,2,577,0.1
1155,C0171,P008,S02,East,Offline,2023-06-05,1,1301,0.1
1156,C0029,P042,S01,South,Online,2023-06-06,4,556,0.1
1157,C0036,P015,S05,East,Offline,2023-06-07,4,288,0.15
1158,C0013,P047,S04,North,Online,2023-06-08,3,390,0.0
1159,C0160,P029,S02,West,Online,2023-06-09,5,1643,0.1
1160,C0071,P033,S05,West,Online,2023-06-10,3,1888,0.15
1161,C0187,P030,S01,Central,Offline,2023-06-11,3,1019,0.1
1162,C0086,P039,S03,North,Offline,2023-06-12,5,391,0.05
1163,C0028,P027,S05,East,Offline,2023-06-13,1,855,0.05
1164,C0066,P036,S05,West,Online,2023-06-14,3,1758,0.0
1165,C0170,P029,S03,North,Online,2023-06-15,3,1934,0.15
1166,C0045,P038,S05,West,Offline,2023-06-16,4,1406,0.05
1167,C0062,P033,S01,East,Offline,2023-06-17,5,1667,0.05
1168,C0185,P037,S01,West,Offline,2023-06-18,2,1969,0.15
1169,C0134,P027,S03,Central,Online,2023-06-19,1,476,0.1
1170,C0028,P033,S04,Central,Online,2023-06-20,1,1781,0.15
1171,C0028,P004,S02,West,Online,2023-06-21,5,1279,0.1
1172,C0108,P022,S04,North,Online,2023-06-22,4,607,0.05
1173,C0044,P002,S05,North,Online,2023-06-23,4,1536,0.05
1174,C0084,P010,S02,North,Offline,2023-06-24,5,627,0.05
1175,C0030,P005,S03,West,Online,2023-06-25,4,1478,0.0
1176,C0190,P010,S03,North,Online,2023-06-26,1,658,0.0
1177,C0075,P033,S02,East,Online,2023-06-27,1,1886,0.0
1178,C0128,P038,S01,Central,Online,2023-06-28,2,1310,0.15
1179,C0092,P013,S02,East,Online,2023-06-29,5,1154,0.05
1180,C0190,P031,S05,North,Offline,2023-06-30,3,359,0.05
1181,C0129,P047,S01,East,Online,2023-07-01,3,520,0.15
1182,C0121,P036,S03,North,Online,2023-07-02,2,1652,0.0
1183,C0027,P045,S02,West,Online,2023-07-03,2,1674,0.15
1184,C0190,P024,S04,East,Offline,2023-07-04,4,403,0.0
1185,C0121,P015,S04,West,Offline,2023-07-05,2,1041,0.05
1186,C0116,P029,S05,West,Offline,2023-07-06,2,1162,0.1
1187,C0003,P008,S04,South,Online,2023-07-07,3,1612,0.0
1188,C0103,P005,S02,North,Offline,2023-07-08,4,1767,0.05
1189,C0198,P029,S02,Central,Online,2023-07-09,2,641,0.05
1190,C0200,P047,S04,North,Online,2023-07-10,2,1793,0.1
1191,C0155,P004,S02,Central,Offline,2023-07-11,4,1401,0.05
1192,C0137,P012,S05,North,Online,2023-07-12,5,1326,0.05
1193,C0062,P045,S01,West,Online,2023-07-13,4,1189,0.0
1194,C0165,P002,S05,East,Online,2023-07-14,3,207,0.0
1195,C0051,P027,S05,East,Offline,2023-07-15,5,367,0.1
1196,C0172,P031,S02,South,Online,2023-07-16,1,321,0.1
1197,C0152,P036,S01,Central,Online,2023-07-17,4,1927,0.05
1198,C0059,P036,S02,Central,Offline,2023-07-18,3,1653,0.0
1199,C0118,P026,S03,Central,Online,2023-07-19,5,1213,0.1
1200,C0160,P043,S02,West,Online,2023-07-20,4,792,0.1
1201,C0096,P027,S02,Central,Offline,2023-07-21,2,354,0.15
1202,C0180,P005,S02,East,Online,2023-07-22,4,1578,0.1
1203,C0113,P020,S01,West,Online,2023-07-23,1,352,0.05
1204,C0062,P011,S02,North,Online,2023-07-24,4,356,0.0
1205,C0186,P010,S01,Central,Online,2023-07-25,5,482,0.1
1206,C0052,P040,S04,Central,Online,2023-07-26,5,541,0.15
1207,C0012,P038,S03,North,Offline,2023-07-27,4,1981,0.0
1208,C0039,P006,S01,Central,Offline,2023-07-28,5,698,0.1
1209,C0130,P008,S04,North,Offline,2023-07-29,2,1213,0.15
1210,C0131,P023,S01,West,Offline,2023-07-30,4,1872,0.1
1211,C0113,P047,S01,East,Online,2023-07-31,2,489,0.0
1212,C0101,P026,S03,North,Online,2023-08-01,2,681,0.0
1213,C0113,P046,S05,South,Online,2023-08-02,3,1167,0.0
1214,C0184,P043,S05,North,Online,2023-08-03,4,1835,0.05
1215,C0081,P012,S01,Central,Online,2023-08-04,5,1787,0.1
1216,C0187,P026,S02,West,Offline,2023-08-05,2,697,0.05
1217,C0113,P013,S04,West,Offline,2023-08-06,3,118,0.0
1218,C0002,P040,S02,North,Online,2023-08-07,4,1224,0.15
1219,C0130,P018,S02,East,Online,2023-08-08,4,706,0.1
1220,C0054,P025,S01,South,Online,2023-08-09,1,1889,0.05
1221,C0087,P033,S01,West,Offline,2023-08-10,1,1480,0.1
1222,C0129,P047,S01,Central,Online,2023-08-11,2,1665,0.15
1223,C0147,P040,S01,Central,Online,2023-08-12,1,1884,0.05
1224,C0126,P043,S05,East,Online,2023-08-13,2,132,0.0
1225,C0130,P012,S01,West,Offline,2023-08-14,5,1352,0.05
1226,C0053,P044,S05,North,Online,2023-08-15,2,1647,0.1
1227,C0172,P036,S05,Central,Offline,2023-08-16,1,1753,0.1
1228,C0160,P048,S01,East,Offline,2023-08-17,5,961,0.1
1229,C0198,P004,S03,West,Offline,2023-08-18,1,254,0.1
1230,C0160,P005,S04,West,Offline,2023-08-19,2,1546,0.0
1231,C0068,P037,S02,West,Offline,2023-08-20,3,1004,0.05
1232,C0183,P008,S05,West,Offline,2023-08-21,4,1369,0.0
1233,C0184,P042,S04,West,Online,2023-08-22,1,504,0.0
1234,C0123,P049,S03,Central,Online,2023-08-23,2,943,0.0
1235,C0145,P028,S02,East,Online,2023-08-24,5,1882,0.1
1236,C0038,P031,S02,West,Offline,2023-08-25,1,1664,0.1
1237,C0024,P009,S05,South,Online,2023-08-26,1,1284,0.1
1238,C0069,P029,S01,South,Offline,2023-08-27,4,846,0.05
1239,C0116,P014,S03,East,Offline,2023-08-28,2,1825,0.15
1240,C0098,P040,S05,North,Offline,2023-08-29,3,1240,0.1
1241,C0198,P041,S03,North,Online,2023-08-30,5,370,0.05
1242,C0139,P022,S01,North,Offline,2023-08-31,2,869,0.1
1243,C0144,P011,S01,South,Offline,2023-09-01,5,1815,0.1
1244,C0097,P023,S05,North,Online,2023-09-02,1,1610,0.0
1245,C0124,P001,S01,Central,Online,2023-09-03,4,271,0.0
1246,C0187,P046,S04,West,Offline,2023-09-04,4,373,0.0
1247,C0070,P037,S02,South,Offline,2023-09-05,3,358,0.05
1248,C0093,P021,S05,East,Online,2023-09-06,4,1258,0.15
1249,C0003,P026,S03,East,Online,2023-09-07,1,1806,0.15
1250,C0148,P046,S04,West,Online,2023-09-08,3,1845,0.05
1251,C0187,P036,S05,South,Offline,2023-09-09,2,1871,0.1
1252,C0164,P023,S01,North,Online,2023-09-10,4,521,0.05
1253,C0147,P001,S01,North,Online,2023-09-11,3,1544,0.1
1254,C0090,P040,S01,Central,Online,2023-09-12,1,1309,0.05
1255,C0195,P015,S01,Central,Offline,2023-09-13,5,463,0.05
1256,C0147,P021,S03,North,Online,2023-09-14,5,1730,0.05
1257,C0148,P047,S04,East,Online,2023-09-15,1,477,0.15
1258,C0096,P009,S02,East,Online,2023-09-16,1,1646,0.0
1259,C0199,P009,S03,Central,Online,2023-09-17,5,679,0.05
1260,C0052,P010,S03,West,Online,2023-09-18,3,990,0.15
1261,C0161,P026,S02,North,Offline,2023-09-19,5,821,0.0
1262,C0168,P041,S02,Central,Offline,2023-09-20,1,1319,0.0
1263,C0128,P035,S01,Central,Offline,2023-09-21,4,980,0.05
1264,C0039,P025,S03,North,Online,2023-09-22,2,1221,0.1
1265,C0082,P026,S05,North,Offline,2023-09-23,4,704,0.1
1266,C0104,P011,S02,East,Offline,2023-09-24,4,121,0.1
1267,C0129,P038,S02,West,Offline,2023-09-25,1,1573,0.05
1268,C0011,P002,S04,West,Online,2023-09-26,5,1295,0.1
1269,C0185,P007,S05,North,Online,2023-09-27,3,482,0.15
1270,C0178,P018,S05,South,Offline,2023-09-28,4,233,0.15
1271,C0151,P027,S02,Central,Offline,2023-09-29,5,1549,0.15
1272,C0159,P034,S01,Central,Online,2023-09-30,3,1148,0.15
1273,C0042,P027,S04,North,Online,2023-10-01,4,602,0.0
1274,C0099,P017,S05,South,Offline,2023-10-02,3,1308,0.15
1275,C0007,P043,S02,East,Online,2023-10-03,5,1208,0.1
1276,C0144,P044,S05,North,Offline,2023-10-04,2,1690,0.05
1277,C0090,P024,S04,North,Online,2023-10-05,5,1886,0.1
1278,C0112,P025,S04,Central,Offline,2023-10-06,1,243,0.15
1279,C0060,P007,S03,North,Offline,2023-10-07,3,1986,0.0
1280,C0113,P006,S02,North,Online,2023-10-08,2,1802,0.15
1281,C0002,P024,S04,North,Offline,2023-10-09,3,1535,0.05
1282,C0129,P033,S03,Central,Offline,2023-10-10,3,323,0.1
1283,C0048,P049,S03,East,Offline,2023-10-11,4,319,0.05
1284,C0140,P029,S05,East,Online,2023-10-12,1,278,0.05
1285,C0197,P043,S05,North,Online,2023-10-13,3,1754,0.05
1286,C0037,P022,S03,Central,Online,2023-10-14,5,532,0.1
1287,C0160,P026,S05,East,Offline,2023-10-15,5,364,0.15
1288,C0009,P028,S04,East,Online,2023-10-16,4,1053,0.05
1289,C0099,P050,S01,East,Offline,2023-10-17,1,528,0.1
1290,C0147,P021,S04,Central,Offline,2023-10-18,1,1785,0.0
1291,C0048,P049,S03,Central,Online,2023-10-19,5,515,0.1
1292,C0131,P007,S03,North,Online,2023-10-20,2,1576,0.0
1293,C0148,P017,S04,West,Offline,2023-10-21,4,826,0.1
1294,C0152,P020,S05,East,Offline,2023-10-22,4,296,0.15
1295,C0054,P041,S05,West,Online,2023-10-23,5,1677,0.05
1296,C0120,P049,S03,Central,Online,2023-10-24,5,1176,0.15
1297,C0161,P020,S02,Central,Online,2023-10-25,2,579,0.1
1298,C0152,P022,S05,Central,Offline,2023-10-26,2,1566,0.05
1299,C0116,P028,S04,West,Offline,2023-10-27,1,1453,0.0
1300,C0075,P040,S05,Central,Offline,2023-10-28,4,1374,0.1
1301,C0113,P049,S04,North,Offline,2023-10-29,4,1930,0.05
1302,C0200,P007,S03,Central,Offline,2023-10-30,5,989,0.0
1303,C0164,P001,S05,South,Online,2023-10-31,1,1906,0.0
1304,C0166,P032,S04,West,Online,2023-11-01,4,1024,0.15
1305,C0104,P013,S03,South,Offline,2023-11-02,1,222,0.1
1306,C0084,P030,S02,Central,Offline,2023-11-03,1,1510,0.0
1307,C0112,P023,S04,North,Online,2023-11-04,5,1462,0.05
1308,C0099,P019,S02,East,Online,2023-11-05,1,877,0.0
1309,C0153,P032,S02,Central,Online,2023-11-06,2,447,0.0
1310,C0093,P030,S01,North,Online,2023-11-07,2,128,0.15
1311,C0146,P029,S05,West,Offline,2023-11-08,3,1074,0.15
1312,C0128,P049,S04,South,Online,2023-11-09,5,134,0.05
1313,C0110,P045,S02,South,Offline,2023-11-10,3,1641,0.15
1314,C0082,P029,S01,South,Online,2023-11-11,2,1519,0.0
1315,C0194,P030,S03,West,Online,2023-11-12,3,722,0.0
1316,C0054,P016,S04,North,Online,2023-11-13,5,1417,0.15
1317,C0163,P040,S02,West,Offline,2023-11-14,5,688,0.0
1318,C0189,P019,S05,South,Offline,2023-11-15,1,1472,0.0
1319,C0169,P018,S01,Central,Online,2023-11-16,4,1270,0.05
1320,C0161,P001,S02,East,Offline,2023-11-17,1,1190,0.15
1321,C0068,P014,S05,West,Offline,2023-11-18,5,1003,0.0
1322,C0033,P047,S02,West,Online,2023-11-19,2,619,0.15
1323,C0142,P050,S04,North,Online,2023-11-20,2,221,0.05
1324,C0021,P002,S04,North,Offline,2023-11-21,1,439,0.15
1325,C0048,P028,S04,West,Offline,2023-11-22,5,274,0.0
1326,C0148,P049,S01,South,Offline,2023-11-23,2,1814,0.15
1327,C0128,P050,S04,East,Online,2023-11-24,5,696,0.0
1328,C0136,P030,S05,North,Online,2023-11-25,2,550,0.0
1329,C0135,P038,S02,South,Offline,2023-11-26,5,656,0.0
1330,C0195,P004,S03,Central,Online,2023-11-27,3,1259,0.05
1331,C0145,P001,S05,North,Online,2023-11-28,5,1978,0.15
1332,C0128,P008,S05,South,Offline,2023-11-29,5,1139,0.05
1333,C0033,P029,S04,South,Offline,2023-11-30,1,1456,0.15
1334,C0176,P039,S01,East,Online,2023-12-01,3,1318,0.05
1335,C0187,P003,S02,East,Online,2023-12-02,4,1619,0.1
1336,C0115,P032,S01,Central,Offline,2023-12-03,1,108,0.0
1337,C0119,P010,S02,South,Online,2023-12-04,4,1951,0.0
1338,C0022,P010,S02,South,Online,2023-12-05,2,433,0.05
1339,C0158,P019,S01,East,Offline,2023-12-06,4,1456,0.1
1340,C0038,P046,S05,North,Offline,2023-12-07,5,1116,0.0
1341,C0109,P034,S02,North,Online,2023-12-08,4,426,0.15
1342,C0051,P033,S01,West,Online,2023-12-09,1,114,0.05
1343,C0182,P023,S02,East,Online,2023-12-10,1,938,0.0
1344,C0008,P028,S03,West,Offline,2023-12-11,4,1737,0.0
1345,C0027,P032,S05,East,Online,2023-12-12,1,325,0.05
1346,C0027,P050,S04,Central,Online,2023-12-13,1,1548,0.05
1347,C0021,P007,S02,South,Offline,2023-12-14,4,1913,0.15
1348,C0030,P029,S03,Central,Offline,2023-12-15,3,1531,0.15
1349,C0097,P008,S04,East,Online,2023-12-16,3,212,0.0
1350,C0028,P001,S04,South,Offline,2023-12-17,2,1551,0.0
1351,C0111,P003,S02,North,Offline,2023-12-18,1,100,0.05
1352,C0192,P024,S01,North,Online,2023-12-19,4,365,0.0
1353,C0197,P023,S02,West,Offline,2023-12-20,1,1614,0.0
1354,C0061,P008,S03,East,Offline,2023-12-21,5,1331,0.05
1355,C0048,P047,S04,East,Online,2023-12-22,1,1745,0.0
1356,C0147,P037,S02,North,Offline,2023-12-23,1,1835,0.0
1357,C0004,P003,S01,Central,Online,2023-12-24,3,1051,0.1
1358,C0035,P033,S02,South,Online,2023-12-25,4,1492,0.15
1359,C0192,P028,S05,Central,Offline,2023-12-26,1,405,0.05
1360,C0049,P047,S01,Central,Offline,2023-12-27,3,111,0.1
1361,C0017,P008,S03,North,Offline,2023-12-28,2,1468,0.15
1362,C0172,P034,S04,North,Online,2023-12-29,3,1588,0.15
1363,C0158,P035,S02,North,Offline,2023-12-30,3,1823,0.15
1364,C0046,P032,S01,West,Online,2023-12-31,3,1789,0.1
1365,C0117,P024,S05,Central,Offline,2024-01-01,1,1617,0.1
1366,C0006,P014,S01,East,Offline,2024-01-02,1,1491,0.15
1367,C0099,P032,S05,South,Offline,2024-01-03,2,1969,0.0
1368,C0124,P046,S03,West,Online,2024-01-04,5,1036,0.0
1369,C0037,P043,S04,East,Offline,2024-01-05,5,519,0.1
1370,C0024,P016,S03,Central,Offline,2024-01-06,5,988,0.1
1371,C0093,P004,S02,North,Online,2024-01-07,2,1914,0.1
1372,C0046,P037,S01,Central,Online,2024-01-08,5,270,0.15
1373,C0181,P021,S05,South,Offline,2024-01-09,5,233,0.0
1374,C0095,P014,S05,West,Offline,2024-01-10,3,1064,0.1
1375,C0099,P031,S01,West,Offline,2024-01-11,1,1550,0.1
1376,C0188,P048,S01,South,Online,2024-01-12,1,1148,0.05
1377,C0116,P018,S02,East,Online,2024-01-13,3,1653,0.15
1378,C0191,P007,S03,East,Online,2024-01-14,3,1313,0.05
1379,C0160,P010,S05,West,Online,2024-01-15,3,1264,0.0
1380,C0161,P007,S02,West,Offline,2024-01-16,1,1678,0.05
1381,C0067,P033,S03,North,Online,2024-01-17,5,1969,0.05
1382,C0128,P023,S02,East,Online,2024-01-18,3,1919,0.05
1383,C0018,P021,S05,South,Online,2024-01-19,2,757,0.15
1384,C0025,P019,S01,East,Offline,2024-01-20,3,1438,0.0
1385,C0054,P048,S01,North,Offline,2024-01-21,4,1567,0.05
1386,C0058,P019,S03,West,Online,2024-01-22,3,1442,0.15
1387,C0067,P036,S04,West,Online,2024-01-23,1,1564,0.0
1388,C0104,P029,S03,North,Offline,2024-01-24,3,1215,0.1
1389,C0174,P018,S04,South,Offline,2024-01-25,4,278,0.05
1390,C0024,P002,S02,West,Offline,2024-01-26,2,1179,0.0
1391,C0114,P001,S02,Central,Offline,2024-01-27,5,1278,0.05
1392,C0032,P047,S05,West,Offline,2024-01-28,3,1795,0.1
1393,C0175,P005,S04,Central,Offline,2024-01-29,4,210,0.0
1394,C0086,P020,S05,North,Offline,2024-01-30,4,236,0.15
1395,C0151,P011,S01,North,Offline,2024-01-31,2,331,0.0
1396,C0194,P042,S04,West,Online,2024-02-01,1,1091,0.15
1397,C0127,P002,S03,East,Online,2024-02-02,3,567,0.0
1398,C0155,P003,S01,Central,Online,2024-02-03,4,831,0.15
1399,C0130,P023,S01,South,Online,2024-02-04,2,580,0.1
1400,C0017,P012,S03,West,Online,2024-02-05,5,1191,0.1
1401,C0104,P020,S01,South,Online,2024-02-06,4,913,0.1
1402,C0161,P005,S04,West,Offline,2024-02-07,2,1372,0.0
1403,C0137,P037,S05,East,Offline,2024-02-08,1,1093,0.1
1404,C0043,P038,S01,East,Online,2024-02-09,1,422,0.05
1405,C0176,P030,S04,East,Online,2024-02-10,4,1021,0.1
1406,C0039,P009,S02,East,Offline,2024-02-11,4,1003,0.15
1407,C0170,P034,S04,North,Offline,2024-02-12,3,1641,0.15
1408,C0026,P044,S05,North,Offline,2024-02-13,2,1915,0.15
1409,C0099,P035,S04,Central,Online,2024-02-14,4,1555,0.0
1410,C0050,P022,S03,South,Offline,2024-02-15,3,1610,0.05
1411,C0153,P044,S05,West,Online,2024-02-16,3,705,0.1
1412,C0152,P024,S02,West,Online,2024-02-17,4,528,0.05
1413,C0013,P017,S03,North,Offline,2024-02-18,1,1392,0.05
1414,C0060,P010,S04,West,Offline,2024-02-19,2,1832,0.15
1415,C0135,P030,S05,North,Online,2024-02-20,2,1660,0.15
1416,C0057,P046,S02,Central,Offline,2024-02-21,1,247,0.15
1417,C0036,P023,S03,South,Offline,2024-02-22,4,1241,0.0
1418,C0173,P032,S02,Central,Online,2024-02-23,2,949,0.05
1419,C0020,P017,S04,East,Offline,2024-02-24,4,466,0.05
1420,C0065,P050,S02,East,Online,2024-02-25,4,949,0.0
1421,C0008,P017,S01,East,Online,2024-02-26,3,1189,0.0
1422,C0144,P014,S03,Central,Offline,2024-02-27,1,912,0.0
1423,C0142,P009,S02,West,Online,2024-02-28,4,1493,0.05
1424,C0115,P040,S04,South,Online,2024-02-29,5,274,0.05
1425,C0143,P002,S04,East,Offline,2024-03-01,1,1954,0.15
1426,C0092,P045,S02,East,Offline,2024-03-02,2,687,0.15
1427,C0098,P025,S04,East,Offline,2024-03-03,3,594,0.05
1428,C0066,P039,S05,South,Online,2024-03-04,2,1072,0.15
1429,C0032,P009,S05,East,Online,2024-03-05,2,1237,0.0
1430,C0191,P022,S05,South,Offline,2024-03-06,1,1234,0.1
1431,C0086,P043,S01,East,Online,2024-03-07,2,1884,0.15
1432,C0051,P046,S02,Central,Offline,2024-03-08,4,1562,0.05
1433,C0153,P004,S01,Central,Offline,2024-03-09,2,1838,0.15
1434,C0186,P026,S04,South,Online,2024-03-10,3,1270,0.15
1435,C0063,P029,S01,Central,Offline,2024-03-11,3,134,0.15
1436,C0190,P045,S04,South,Online,2024-03-12,5,1098,0.1
1437,C0125,P034,S04,Central,Online,2024-03-13,3,1432,0.0
1438,C0150,P023,S03,Central,Offline,2024-03-14,2,637,0.05
1439,C0058,P037,S05,South,Online,2024-03-15,3,849,0.1
1440,C0058,P011,S04,West,Offline,2024-03-16,1,1137,0.05
1441,C0086,P006,S03,Central,Online,2024-03-17,3,473,0.05
1442,C0049,P018,S05,East,Online,2024-03-18,4,656,0.05
1443,C0180,P021,S04,West,Online,2024-03-19,1,1551,0.1
1444,C0170,P042,S04,South,Offline,2024-03-20,5,1851,0.0
1445,C0070,P036,S01,West,Online,2024-03-21,4,332,0.05
1446,C0015,P041,S01,North,Offline,2024-03-22,2,804,0.0
1447,C0054,P038,S05,North,Online,2024-03-23,2,662,0.0
1448,C0188,P034,S04,Central,Online,2024-03-24,2,1038,0.15
1449,C0101,P017,S02,Central,Offline,2024-03-25,4,986,0.1
1450,C0008,P037,S01,East,Offline,2024-03-26,4,825,0.1
1451,C0053,P025,S05,West,Offline,2024-03-27,4,1786,0.15
1452,C0060,P038,S04,North,Offline,2024-03-28,1,1563,0.15
1453,C0108,P012,S04,Central,Offline,2024-03-29,1,1625,0.0
1454,C0005,P023,S02,West,Online,2024-03-30,2,1398,0.05
1455,C0103,P042,S05,Central,Online,2024-03-31,3,1973,0.1
1456,C0196,P022,S04,Central,Offline,2024-04-01,2,175,0.05
1457,C0006,P021,S01,North,Online,2024-04-02,5,538,0.05
1458,C0109,P027,S02,North,Online,2024-04-03,1,1855,0.15
1459,C0116,P031,S05,Central,Online,2024-04-04,4,1983,0.05
1460,C0094,P006,S02,South,Offline,2024-04-05,1,798,0.0
1461,C0047,P027,S01,Central,Online,2024-04-06,4,1412,0.15
1462,C0099,P040,S05,Central,Online,2024-04-07,5,1014,0.05
1463,C0055,P034,S02,East,Online,2024-04-08,5,1663,0.15
1464,C0168,P012,S03,East,Offline,2024-04-09,1,990,0.0
1465,C0052,P045,S01,East,Online,2024-04-10,4,791,0.0
1466,C0144,P007,S01,South,Online,2024-04-11,5,352,0.05
1467,C0013,P010,S01,South,Offline,2024-04-12,2,1249,0.15
1468,C0114,P045,S03,Central,Offline,2024-04-13,2,1300,0.05
1469,C0124,P017,S03,East,Online,2024-04-14,4,1160,0.05
1470,C0106,P026,S04,South,Online,2024-04-15,1,509,0.15
1471,C0158,P021,S02,North,Offline,2024-04-16,5,1734,0.05
1472,C0147,P028,S04,Central,Offline,2024-04-17,1,1733,0.0
1473,C0145,P046,S02,West,Offline,2024-04-18,2,226,0.15
1474,C0120,P002,S03,Central,Offline,2024-04-19,5,1606,0.15
1475,C0063,P043,S03,West,Offline,2024-04-20,1,1291,0.15
1476,C0019,P001,S04,East,Offline,2024-04-21,3,691,0.15
1477,C0092,P036,S05,West,Offline,2024-04-22,4,393,0.05
1478,C0058,P026,S04,East,Online,2024-04-23,4,1968,0.05
1479,C0183,P029,S02,North,Offline,2024-04-24,3,1761,0.0
1480,C0090,P021,S04,West,Offline,2024-04-25,2,1466,0.1
1481,C0117,P011,S01,Central,Online,2024-04-26,5,1119,0.1
1482,C0062,P040,S02,East,Offline,2024-04-27,4,409,0.0
1483,C0023,P011,S02,Central,Offline,2024-04-28,3,761,0.1
1484,C0127,P036,S05,South,Online,2024-04-29,3,627,0.0
1485,C0137,P049,S03,East,Offline,2024-04-30,2,639,0.05
1486,C0140,P039,S02,West,Online,2024-05-01,2,518,0.15
1487,C0129,P040,S03,East,Online,2024-05-02,1,543,0.15
1488,C0058,P035,S04,Central,Online,2024-05-03,4,784,0.05
1489,C0122,P034,S01,North,Online,2024-05-04,1,1681,0.15
1490,C0001,P047,S05,East,Offline,2024-05-05,3,939,0.15
1491,C0034,P024,S03,West,Online,2024-05-06,5,335,0.1
1492,C0096,P022,S02,South,Online,2024-05-07,5,1562,0.05
1493,C0126,P005,S03,North,Offline,2024-05-08,2,313,0.1
1494,C0118,P033,S02,South,Online,2024-05-09,5,184,0.1
1495,C0048,P036,S03,East,Online,2024-05-10,5,893,0.15
1496,C0089,P047,S02,Central,Online,2024-05-11,5,1867,0.15
1497,C0117,P020,S04,Central,Online,2024-05-12,3,184,0.05
1498,C0129,P019,S02,West,Offline,2024-05-13,5,1612,0.15
1499,C0016,P035,S02,Central,Online,2024-05-14,5,164,0.15
1500,C0189,P043,S01,North,Offline,2024-05-15,5,1769,0.05
1501,C0192,P017,S02,Central,Offline,2024-05-16,1,762,0.15
1502,C0191,P045,S01,West,Online,2024-05-17,3,726,0.1
1503,C0069,P043,S05,East,Online,2024-05-18,2,163,0.05
1504,C0022,P034,S01,East,Online,2024-05-19,1,1466,0.15
1505,C0093,P009,S04,Central,Online,2024-05-20,4,1038,0.0
1506,C0195,P026,S01,South,Offline,2024-05-21,3,1998,0.05
1507,C0076,P002,S05,East,Offline,2024-05-22,3,1018,0.05
1508,C0154,P009,S04,Central,Offline,2024-05-23,4,1475,0.0
1509,C0144,P009,S03,West,Online,2024-05-24,4,1281,0.15
1510,C0179,P040,S03,Central,Offline,2024-05-25,4,1712,0.15
1511,C0086,P017,S01,East,Online,2024-05-26,2,590,0.05
1512,C0185,P001,S01,West,Online,2024-05-27,5,1781,0.05
1513,C0029,P025,S05,Central,Online,2024-05-28,3,1978,0.15
1514,C0069,P043,S05,North,Online,2024-05-29,5,1586,0.15
1515,C0047,P040,S02,West,Online,2024-05-30,5,1348,0.1
1516,C0094,P042,S05,North,Offline,2024-05-31,4,412,0.05
1517,C0190,P025,S02,South,Offline,2024-06-01,2,714,0.05
1518,C0197,P039,S04,West,Online,2024-06-02,1,1018,0.0
1519,C0144,P035,S01,North,Offline,2024-06-03,2,1982,0.1
1520,C0176,P003,S04,East,Online,2024-06-04,5,912,0.15
1521,C0085,P050,S05,East,Online,2024-06-05,2,1039,0.1
1522,C0039,P037,S04,South,Online,2024-06-06,4,1589,0.15
1523,C0100,P044,S04,West,Offline,2024-06-07,1,1211,0.15
1524,C0033,P044,S04,West,Online,2024-06-08,4,1426,0.1
1525,C0101,P030,S05,West,Online,2024-06-09,1,779,0.05
1526,C0023,P038,S04,South,Offline,2024-06-10,5,534,0.15
1527,C0010,P034,S02,West,Offline,2024-06-11,1,781,0.1
1528,C0069,P012,S05,East,Offline,2024-06-12,1,1258,0.0
1529,C0100,P019,S04,North,Online,2024-06-13,1,1173,0.1
1530,C0034,P037,S05,East,Online,2024-06-14,2,1555,0.0
1531,C0180,P044,S03,East,Offline,2024-06-15,2,439,0.15
1532,C0138,P049,S02,North,Online,2024-06-16,5,446,0.1
1533,C0147,P017,S04,East,Offline,2024-06-17,1,745,0.1
1534,C0186,P010,S03,South,Offline,2024-06-18,3,1470,0.0
1535,C0096,P049,S03,North,Online,2024-06-19,5,748,0.1
1536,C0001,P047,S05,East,Online,2024-06-20,1,344,0.1
1537,C0069,P012,S03,Central,Offline,2024-06-21,1,208,0.15
1538,C0004,P016,S02,East,Offline,2024-06-22,2,1948,0.1
1539,C0016,P024,S02,South,Offline,2024-06-23,5,1922,0.05
1540,C0024,P019,S01,West,Offline,2024-06-24,1,632,0.0
1541,C0080,P008,S02,East,Online,2024-06-25,1,1213,0.1
1542,C0002,P031,S03,West,Offline,2024-06-26,5,395,0.0
1543,C0128,P021,S02,Central,Offline,2024-06-27,3,211,0.0
1544,C0160,P017,S05,East,Offline,2024-06-28,5,1936,0.0
1545,C0084,P023,S01,North,Online,2024-06-29,5,1712,0.1
1546,C0152,P037,S03,West,Online,2024-06-30,3,1300,0.1
1547,C0140,P016,S01,Central,Offline,2024-07-01,5,442,0.0
1548,C0178,P006,S03,North,Online,2024-07-02,1,1783,0.05
1549,C0163,P008,S05,North,Online,2024-07-03,5,200,0.0
1550,C0124,P025,S01,North,Online,2024-07-04,3,1881,0.05
1551,C0033,P018,S04,North,Offline,2024-07-05,4,728,0.0
1552,C0161,P025,S03,East,Offline,2024-07-06,5,1727,0.15
1553,C0189,P012,S04,East,Online,2024-07-07,2,1524,0.0
1554,C0179,P015,S01,East,Offline,2024-07-08,1,127,0.0
1555,C0171,P026,S04,Central,Offline,2024-07-09,1,1036,0.1
1556,C0101,P041,S04,Central,Online,2024-07-10,2,1660,0.05
1557,C0012,P045,S01,Central,Online,2024-07-11,2,157,0.15
1558,C0067,P026,S05,South,Offline,2024-07-12,5,1621,0.05
1559,C0065,P047,S04,Central,Online,2024-07-13,2,396,0.15
1560,C0161,P032,S04,East,Offline,2024-07-14,4,233,0.0
1561,C0168,P010,S05,East,Offline,2024-07-15,3,1454,0.1
1562,C0074,P016,S04,South,Online,2024-07-16,2,348,0.1
1563,C0043,P007,S04,South,Offline,2024-07-17,2,1120,0.05
1564,C0044,P017,S04,Central,Offline,2024-07-18,4,649,0.1
1565,C0029,P023,S02,West,Online,2024-07-19,1,1001,0.05
1566,C0141,P026,S05,South,Online,2024-07-20,1,1198,0.05
1567,C0012,P021,S04,North,Online,2024-07-21,5,1777,0.15
1568,C0095,P022,S05,East,Offline,2024-07-22,4,933,0.05
1569,C0046,P007,S03,North,Online,2024-07-23,3,1291,0.15
1570,C0130,P014,S03,East,Online,2024-07-24,3,870,0.1
1571,C0035,P015,S04,East,Online,2024-07-25,4,1626,0.05
1572,C0081,P007,S05,South,Online,2024-07-26,3,1478,0.05
1573,C0090,P009,S05,South,Offline,2024-07-27,1,1348,0.0
1574,C0008,P048,S05,North,Offline,2024-07-28,3,1787,0.05
1575,C0093,P008,S02,East,Online,2024-07-29,3,1654,0.05
1576,C0154,P050,S03,North,Offline,2024-07-30,4,245,0.0
1577,C0090,P023,S05,West,Online,2024-07-31,4,1364,0.0
1578,C0162,P029,S05,North,Online,2024-08-01,3,992,0.1
1579,C0115,P018,S02,Central,Offline,2024-08-02,2,443,0.05
1580,C0105,P031,S02,North,Offline,2024-08-03,4,1872,0.1
1581,C0135,P030,S05,Central,Online,2024-08-04,5,1158,0.1
1582,C0196,P039,S01,Central,Online,2024-08-05,5,801,0.0
1583,C0058,P035,S05,Central,Offline,2024-08-06,1,100,0.15
1584,C0114,P018,S05,West,Online,2024-08-07,3,252,0.1
1585,C0075,P042,S02,North,Offline,2024-08-08,2,528,0.15
1586,C0157,P039,S02,North,Online,2024-08-09,1,607,0.05
1587,C0120,P017,S05,West,Online,2024-08-10,3,1249,0.0
1588,C0164,P014,S05,East,Offline,2024-08-11,4,590,0.05
1589,C0021,P031,S05,South,Offline,2024-08-12,5,1605,0.05
1590,C0164,P024,S02,North,Offline,2024-08-13,2,444,0.0
1591,C0138,P035,S05,South,Offline,2024-08-14,5,1861,0.05
1592,C0101,P044,S05,West,Offline,2024-08-15,4,320,0.0
1593,C0152,P045,S04,East,Offline,2024-08-16,3,822,0.15
1594,C0192,P034,S01,East,Offline,2024-08-17,4,1148,0.05
1595,C0177,P003,S03,East,Online,2024-08-18,4,627,0.0
1596,C0099,P037,S01,West,Online,2024-08-19,5,1305,0.1
1597,C0036,P043,S04,Central,Online,2024-08-20,2,1622,0.05
1598,C0096,P040,S03,Central,Offline,2024-08-21,4,940,0.15
1599,C0152,P026,S05,South,Offline,2024-08-22,5,1764,0.0
1600,C0151,P023,S04,Central,Offline,2024-08-23,2,1165,0.05
1601,C0190,P044,S05,Central,Online,2024-08-24,3,580,0.05
1602,C0037,P039,S02,East,Offline,2024-08-25,3,1029,0.05
1603,C0012,P015,S04,East,Offline,2024-08-26,1,1971,0.15
1604,C0113,P049,S02,South,Online,2024-08-27,5,1871,0.0
1605,C0183,P004,S04,North,Offline,2024-08-28,2,971,0.1
1606,C0013,P029,S04,South,Online,2024-08-29,4,1562,0.1
1607,C0023,P022,S02,South,Online,2024-08-30,3,1525,0.1
1608,C0099,P025,S03,West,Offline,2024-08-31,2,1669,0.0
1609,C0105,P013,S01,West,Offline,2024-09-01,5,444,0.1
1610,C0030,P018,S05,South,Offline,2024-09-02,1,144,0.15
1611,C0017,P033,S04,South,Online,2024-09-03,3,1769,0.0
1612,C0113,P016,S05,South,Online,2024-09-04,2,120,0.05
1613,C0062,P045,S02,Central,Online,2024-09-05,2,1757,0.15
1614,C0084,P042,S05,West,Offline,2024-09-06,2,1193,0.05
1615,C0112,P044,S02,South,Offline,2024-09-07,5,1987,0.1
1616,C0086,P002,S05,East,Offline,2024-09-08,5,972,0.15
1617,C0141,P035,S01,East,Offline,2024-09-09,5,147,0.0
1618,C0187,P042,S01,Central,Online,2024-09-10,4,1614,0.15
1619,C0019,P034,S01,Central,Online,2024-09-11,2,650,0.05
1620,C0177,P030,S01,North,Online,2024-09-12,3,386,0.0
1621,C0100,P013,S01,North,Online,2024-09-13,5,1101,0.15
1622,C0140,P013,S01,North,Offline,2024-09-14,5,1133,0.15
1623,C0189,P018,S02,Central,Offline,2024-09-15,2,641,0.15
1624,C0147,P032,S04,Central,Offline,2024-09-16,5,855,0.15
1625,C0076,P032,S05,Central,Online,2024-09-17,4,373,0.0
1626,C0009,P035,S01,East,Online,2024-09-18,4,1055,0.05
1627,C0199,P039,S02,Central,Offline,2024-09-19,5,699,0.15
1628,C0028,P046,S02,East,Offline,2024-09-20,2,1879,0.0
1629,C0128,P029,S02,North,Online,2024-09-21,2,480,0.05
1630,C0052,P049,S04,North,Offline,2024-09-22,2,1452,0.15
1631,C0083,P029,S05,North,Online,2024-09-23,1,578,0.05
1632,C0111,P044,S04,South,Online,2024-09-24,5,114,0.05
1633,C0144,P016,S03,South,Online,2024-09-25,2,615,0.0
1634,C0117,P044,S02,West,Offline,2024-09-26,4,290,0.05
1635,C0069,P047,S03,West,Offline,2024-09-27,3,1291,0.0
1636,C0099,P010,S01,West,Online,2024-09-28,3,1644,0.15
1637,C0140,P030,S01,South,Offline,2024-09-29,2,720,0.05
1638,C0025,P025,S04,South,Online,2024-09-30,3,1260,0.05
1639,C0180,P039,S05,West,Online,2024-10-01,3,253,0.1
1640,C0123,P020,S03,West,Online,2024-10-02,1,1511,0.15
1641,C0053,P005,S05,Central,Online,2024-10-03,4,1332,0.15
1642,C0151,P001,S04,West,Offline,2024-10-04,4,371,0.1
1643,C0144,P030,S01,Central,Online,2024-10-05,1,242,0.1
1644,C0057,P049,S05,East,Online,2024-10-06,1,1734,0.0
1645,C0039,P003,S05,South,Offline,2024-10-07,3,1943,0.0
1646,C0109,P045,S01,West,Online,2024-10-08,5,1192,0.05
1647,C0181,P014,S03,South,Online,2024-10-09,3,346,0.05
1648,C0042,P030,S01,South,Offline,2024-10-10,1,1384,0.05
1649,C0186,P050,S05,South,Offline,2024-10-11,4,887,0.05
1650,C0167,P004,S03,East,Offline,2024-10-12,3,178,0.0
1651,C0142,P018,S03,North,Online,2024-10-13,5,1781,0.15
1652,C0122,P037,S01,West,Offline,2024-10-14,3,722,0.05
1653,C0133,P025,S05,North,Offline,2024-10-15,2,1893,0.15
1654,C0163,P048,S04,North,Online,2024-10-16,3,1728,0.05
1655,C0075,P001,S05,North,Online,2024-10-17,1,624,0.1
1656,C0146,P046,S02,South,Online,2024-10-18,4,871,0.05
1657,C0076,P015,S04,Central,Online,2024-10-19,4,1037,0.05
1658,C0009,P009,S03,South,Online,2024-10-20,1,1744,0.05
1659,C0074,P015,S04,South,Offline,2024-10-21,2,1453,0.0
1660,C0186,P049,S03,North,Offline,2024-10-22,1,1312,0.1
1661,C0145,P024,S03,South,Offline,2024-10-23,3,1218,0.05
1662,C0007,P004,S04,North,Online,2024-10-24,1,716,0.05
1663,C0174,P012,S03,Central,Online,2024-10-25,1,1131,0.15
1664,C0141,P037,S03,West,Online,2024-10-26,2,166,0.1
1665,C0168,P037,S02,North,Offline,2024-10-27,3,1619,0.05
1666,C0170,P043,S05,Central,Offline,2024-10-28,5,290,0.15
1667,C0137,P006,S05,West,Online,2024-10-29,5,1489,0.15
1668,C0178,P039,S02,East,Offline,2024-10-30,4,867,0.0
1669,C0027,P046,S04,North,Online,2024-10-31,1,620,0.15
1670,C0122,P024,S01,North,Offline,2024-11-01,4,1089,0.05
1671,C0194,P011,S01,East,Offline,2024-11-02,2,1240,0.0
1672,C0005,P013,S01,East,Offline,2024-11-03,5,366,0.0
1673,C0029,P034,S02,North,Online,2024-11-04,1,1734,0.05
1674,C0165,P025,S02,East,Offline,2024-11-05,2,584,0.1
1675,C0166,P007,S03,South,Offline,2024-11-06,2,1632,0.15
1676,C0083,P004,S01,West,Online,2024-11-07,1,1421,0.0
1677,C0136,P008,S04,West,Offline,2024-11-08,2,1287,0.1
1678,C0109,P020,S04,West,Online,2024-11-09,1,475,0.05
1679,C0065,P029,S01,South,Online,2024-11-10,1,752,0.15
1680,C0086,P045,S01,East,Online,2024-11-11,3,1391,0.15
1681,C0145,P046,S01,Central,Online,2024-11-12,4,648,0.0
1682,C0071,P010,S02,East,Online,2024-11-13,2,1197,0.15
1683,C0045,P043,S02,North,Offline,2024-11-14,2,1631,0.15
1684,C0132,P034,S02,West,Online,2024-11-15,3,172,0.15
1685,C0036,P026,S05,East,Online,2024-11-16,3,407,0.15
1686,C0070,P041,S04,Central,Online,2024-11-17,3,298,0.05
1687,C0159,P049,S04,North,Online,2024-11-18,5,1253,0.1
1688,C0019,P003,S03,South,Offline,2024-11-19,5,1881,0.05
1689,C0189,P006,S02,South,Online,2024-11-20,5,1947,0.05
1690,C0108,P005,S05,Central,Offline,2024-11-21,1,671,0.0
1691,C0182,P005,S05,North,Online,2024-11-22,2,890,0.15
1692,C0167,P047,S04,West,Offline,2024-11-23,4,1738,0.05
1693,C0091,P023,S02,East,Online,2024-11-24,1,1931,0.15
1694,C0090,P049,S03,North,Online,2024-11-25,2,1955,0.05
1695,C0019,P009,S02,South,Offline,2024-11-26,2,1610,0.05
1696,C0039,P035,S01,Central,Online,2024-11-27,3,1976,0.0
1697,C0126,P020,S02,Central,Offline,2024-11-28,3,1274,0.1
1698,C0195,P049,S01,East,Online,2024-11-29,1,1792,0.1
1699,C0173,P042,S01,Central,Offline,2024-11-30,3,1329,0.05
1700,C0141,P035,S03,Central,Online,2024-12-01,2,278,0.0
1701,C0126,P050,S04,North,Online,2024-12-02,3,296,0.15
1702,C0058,P018,S02,West,Offline,2024-12-03,5,834,0.15
1703,C0148,P017,S01,East,Online,2024-12-04,3,188,0.05
1704,C0200,P024,S02,North,Online,2024-12-05,2,898,0.1
1705,C0061,P003,S04,West,Online,2024-12-06,1,1557,0.0
1706,C0127,P032,S04,North,Online,2024-12-07,4,887,0.1
1707,C0105,P035,S05,North,Online,2024-12-08,3,847,0.15
1708,C0167,P038,S04,Central,Online,2024-12-09,2,1306,0.1
1709,C0001,P013,S03,West,Offline,2024-12-10,4,308,0.15
1710,C0131,P047,S01,East,Offline,2024-12-11,4,592,0.0
1711,C0092,P025,S05,East,Offline,2024-12-12,5,1253,0.0
1712,C0190,P009,S03,West,Online,2024-12-13,4,764,0.05
1713,C0191,P004,S02,Central,Offline,2024-12-14,2,1136,0.05
1714,C0113,P014,S01,South,Online,2024-12-15,2,1757,0.1
1715,C0153,P037,S04,North,Online,2024-12-16,3,970,0.0
1716,C0056,P034,S01,Central,Online,2024-12-17,3,831,0.0
1717,C0161,P011,S02,West,Online,2024-12-18,3,1229,0.05
1718,C0166,P041,S05,North,Offline,2024-12-19,4,1498,0.15
1719,C0117,P003,S05,East,Online,2024-12-20,4,1705,0.1
1720,C0134,P028,S05,South,Offline,2024-12-21,5,1830,0.1
1721,C0058,P029,S04,East,Online,2024-12-22,3,797,0.05
1722,C0044,P009,S03,West,Offline,2024-12-23,1,1222,0.0
1723,C0173,P003,S03,North,Offline,2024-12-24,5,693,0.05
1724,C0160,P025,S01,West,Offline,2024-12-25,1,1710,0.05
1725,C0173,P034,S04,North,Offline,2024-12-26,4,985,0.05
1726,C0061,P012,S05,Central,Offline,2024-12-27,5,951,0.05
1727,C0047,P042,S05,South,Offline,2024-12-28,5,1315,0.15
1728,C0149,P009,S02,Central,Online,2024-12-29,2,424,0.15
1729,C0080,P015,S02,Central,Offline,2024-12-30,4,1078,0.0
1730,C0118,P040,S05,West,Online,2024-12-31,4,1849,0.05
1731,C0164,P025,S05,South,Offline,2025-01-01,5,1950,0.15
1732,C0147,P005,S04,North,Online,2025-01-02,4,1055,0.0
1733,C0020,P011,S03,North,Offline,2025-01-03,5,1590,0.05
1734,C0185,P034,S02,East,Offline,2025-01-04,2,993,0.1
1735,C0146,P024,S03,North,Online,2025-01-05,5,1490,0.15
1736,C0047,P015,S04,West,Offline,2025-01-06,4,1441,0.0
1737,C0049,P038,S05,Central,Offline,2025-01-07,4,243,0.1
1738,C0014,P008,S03,Central,Offline,2025-01-08,5,483,0.05
1739,C0143,P005,S05,Central,Online,2025-01-09,5,315,0.05
1740,C0159,P048,S05,South,Offline,2025-01-10,5,1484,0.05
1741,C0001,P026,S01,North,Online,2025-01-11,3,423,0.15
1742,C0117,P018,S03,West,Offline,2025-01-12,4,1138,0.0
1743,C0054,P006,S03,South,Offline,2025-01-13,4,316,0.1
1744,C0118,P037,S05,East,Online,2025-01-14,3,1615,0.0
1745,C0003,P048,S04,West,Offline,2025-01-15,5,1050,0.15
1746,C0144,P013,S01,West,Offline,2025-01-16,2,1670,0.0
1747,C0185,P028,S05,West,Online,2025-01-17,5,282,0.15
1748,C0012,P005,S02,Central,Offline,2025-01-18,5,369,0.05
1749,C0074,P013,S02,West,Online,2025-01-19,3,1044,0.1
1750,C0016,P017,S01,North,Online,2025-01-20,4,1590,0.05
1751,C0200,P050,S04,West,Online,2025-01-21,5,969,0.0
1752,C0102,P040,S05,Central,Offline,2025-01-22,4,1735,0.05
1753,C0152,P045,S03,West,Online,2025-01-23,1,1642,0.1
1754,C0156,P032,S01,East,Online,2025-01-24,4,1665,0.05
1755,C0117,P029,S04,East,Offline,2025-01-25,2,566,0.1
1756,C0008,P003,S03,Central,Online,2025-01-26,2,404,0.1
1757,C0122,P040,S02,North,Offline,2025-01-27,5,1267,0.05
1758,C0092,P034,S02,North,Offline,2025-01-28,4,210,0.15
1759,C0164,P040,S03,South,Offline,2025-01-29,5,1113,0.0
1760,C0090,P027,S01,Central,Offline,2025-01-30,3,331,0.15
1761,C0136,P013,S02,West,Online,2025-01-31,2,1814,0.15
1762,C0186,P045,S05,Central,Online,2025-02-01,5,1707,0.05
1763,C0060,P033,S03,South,Online,2025-02-02,3,1845,0.0
1764,C0178,P006,S03,Central,Online,2025-02-03,5,1855,0.0
1765,C0028,P024,S02,Central,Online,2025-02-04,4,1715,0.15
1766,C0101,P019,S01,South,Offline,2025-02-05,4,1623,0.05
1767,C0041,P016,S05,North,Online,2025-02-06,4,694,0.0
1768,C0192,P040,S01,West,Online,2025-02-07,4,1677,0.15
1769,C0155,P028,S04,South,Online,2025-02-08,1,1396,0.0
1770,C0191,P033,S04,East,Offline,2025-02-09,3,1826,0.05
1771,C0145,P048,S02,North,Offline,2025-02-10,3,272,0.05
1772,C0161,P041,S02,East,Online,2025-02-11,4,1072,0.05
1773,C0157,P013,S02,North,Offline,2025-02-12,1,1130,0.0
1774,C0141,P043,S04,West,Online,2025-02-13,4,1278,0.1
1775,C0046,P045,S01,West,Online,2025-02-14,1,1645,0.0
1776,C0035,P025,S01,Central,Offline,2025-02-15,4,645,0.1
1777,C0134,P042,S02,East,Offline,2025-02-16,2,647,0.05
1778,C0082,P036,S05,North,Online,2025-02-17,2,617,0.15
1779,C0115,P027,S01,West,Online,2025-02-18,5,1013,0.1
1780,C0197,P038,S04,South,Offline,2025-02-19,4,314,0.05
1781,C0047,P007,S03,West,Online,2025-02-20,3,233,0.05
1782,C0153,P005,S03,South,Offline,2025-02-21,5,384,0.1
1783,C0194,P043,S03,North,Online,2025-02-22,2,1249,0.15
1784,C0010,P045,S05,West,Offline,2025-02-23,4,1562,0.05
1785,C0056,P031,S02,West,Online,2025-02-24,5,1972,0.1
1786,C0030,P023,S04,North,Online,2025-02-25,4,785,0.15
1787,C0109,P042,S05,West,Offline,2025-02-26,2,1275,0.15
1788,C0005,P010,S04,South,Online,2025-02-27,5,430,0.05
1789,C0119,P032,S04,West,Online,2025-02-28,2,1661,0.0
1790,C0033,P043,S02,East,Offline,2025-03-01,1,1506,0.0
1791,C0118,P030,S03,Central,Online,2025-03-02,2,1238,0.05
1792,C0065,P039,S02,South,Online,2025-03-03,4,993,0.15
1793,C0146,P031,S05,East,Online,2025-03-04,3,1605,0.05
1794,C0177,P018,S05,North,Offline,2025-03-05,2,1407,0.1
1795,C0011,P036,S05,South,Offline,2025-03-06,3,998,0.0
1796,C0085,P002,S02,Central,Offline,2025-03-07,1,1198,0.1
1797,C0026,P014,S04,Central,Online,2025-03-08,5,1289,0.05
1798,C0063,P013,S04,North,Online,2025-03-09,5,1312,0.05
1799,C0086,P029,S01,North,Online,2025-03-10,3,177,0.15
1800,C0059,P012,S05,South,Online,2025-03-11,5,1046,0.15
1801,C0027,P039,S04,West,Offline,2025-03-12,2,1725,0.15
1802,C0177,P002,S01,North,Online,2025-03-13,3,787,0.1
1803,C0161,P032,S04,West,Online,2025-03-14,4,120,0.15
1804,C0098,P013,S05,East,Online,2025-03-15,2,665,0.05
1805,C0105,P046,S03,Central,Offline,2025-03-16,2,1307,0.15
1806,C0099,P027,S05,West,Online,2025-03-17,2,1994,0.0
1807,C0129,P049,S02,Central,Online,2025-03-18,4,1345,0.15
1808,C0149,P041,S04,West,Online,2025-03-19,1,926,0.1
1809,C0055,P017,S04,East,Online,2025-03-20,5,1451,0.0
1810,C0006,P040,S02,North,Online,2025-03-21,3,278,0.0
1811,C0197,P031,S02,East,Offline,2025-03-22,1,1911,0.0
1812,C0095,P034,S03,North,Online,2025-03-23,3,1235,0.1
1813,C0133,P024,S04,North,Online,2025-03-24,5,1859,0.05
1814,C0102,P045,S04,Central,Online,2025-03-25,4,1849,0.15
1815,C0003,P035,S03,East,Online,2025-03-26,2,1182,0.0
1816,C0181,P048,S01,West,Online,2025-03-27,2,1450,0.0
1817,C0023,P006,S03,East,Online,2025-03-28,4,1004,0.0
1818,C0053,P019,S05,Central,Online,2025-03-29,1,1744,0.05
1819,C0165,P030,S04,North,Online,2025-03-30,1,768,0.05
1820,C0083,P007,S02,Central,Online,2025-03-31,3,290,0.1
1821,C0145,P010,S05,South,Online,2025-04-01,4,1323,0.05
1822,C0085,P041,S04,South,Offline,2025-04-02,1,1435,0.15
1823,C0078,P032,S03,West,Offline,2025-04-03,4,807,0.1
1824,C0110,P034,S05,Central,Offline,2025-04-04,5,1158,0.1
1825,C0001,P028,S04,West,Offline,2025-04-05,2,478,0.15
1826,C0051,P015,S01,West,Online,2025-04-06,2,486,0.15
1827,C0173,P030,S01,South,Offline,2025-04-07,2,1881,0.15
1828,C0004,P037,S02,West,Offline,2025-04-08,4,336,0.1
1829,C0190,P029,S04,South,Online,2025-04-09,4,715,0.1
1830,C0193,P022,S01,North,Offline,2025-04-10,3,1642,0.1
1831,C0113,P004,S03,Central,Offline,2025-04-11,2,382,0.15
1832,C0032,P020,S04,West,Online,2025-04-12,3,100,0.15
1833,C0034,P032,S03,South,Online,2025-04-13,2,1854,0.0
1834,C0092,P036,S03,East,Online,2025-04-14,3,563,0.05
1835,C0095,P050,S01,West,Offline,2025-04-15,3,1353,0.0
1836,C0072,P004,S04,North,Offline,2025-04-16,5,1066,0.15
1837,C0039,P027,S05,North,Online,2025-04-17,3,271,0.1
1838,C0154,P017,S01,East,Online,2025-04-18,4,1210,0.15
1839,C0162,P012,S01,South,Offline,2025-04-19,3,1676,0.05
1840,C0182,P022,S04,West,Online,2025-04-20,2,1246,0.0
1841,C0118,P017,S04,South,Offline,2025-04-21,3,942,0.0
1842,C0003,P010,S03,North,Online,2025-04-22,1,1421,0.1
1843,C0123,P001,S04,South,Online,2025-04-23,2,789,0.0
1844,C0050,P022,S03,North,Offline,2025-04-24,1,674,0.0
1845,C0012,P026,S01,South,Online,2025-04-25,2,1607,0.15
1846,C0193,P018,S02,East,Online,2025-04-26,4,264,0.0
1847,C0054,P050,S05,Central,Online,2025-04-27,4,1822,0.0
1848,C0133,P014,S01,East,Offline,2025-04-28,4,482,0.0
1849,C0057,P047,S04,East,Online,2025-04-29,1,308,0.1
1850,C0145,P029,S05,Central,Online,2025-04-30,5,1862,0.1
1851,C0112,P012,S02,Central,Online,2025-05-01,2,1555,0.15
1852,C0047,P036,S02,West,Online,2025-05-02,4,1512,0.0
1853,C0151,P035,S03,West,Online,2025-05-03,2,1683,0.1
1854,C0085,P012,S05,East,Online,2025-05-04,1,323,0.1
1855,C0142,P007,S03,East,Offline,2025-05-05,5,102,0.15
1856,C0066,P029,S01,North,Offline,2025-05-06,1,471,0.05
1857,C0075,P011,S05,North,Online,2025-05-07,2,1810,0.0
1858,C0179,P033,S01,West,Offline,2025-05-08,5,1569,0.1
1859,C0103,P006,S03,West,Offline,2025-05-09,5,710,0.15
1860,C0166,P047,S05,North,Online,2025-05-10,1,215,0.15
1861,C0192,P015,S03,North,Offline,2025-05-11,4,1393,0.15
1862,C0038,P032,S05,South,Offline,2025-05-12,2,546,0.1
1863,C0050,P011,S03,South,Offline,2025-05-13,3,1491,0.0
1864,C0098,P023,S02,North,Offline,2025-05-14,3,1376,0.05
1865,C0082,P026,S03,South,Offline,2025-05-15,1,1440,0.0
1866,C0030,P034,S02,Central,Offline,2025-05-16,2,514,0.15
1867,C0079,P046,S03,West,Offline,2025-05-17,2,1218,0.15
1868,C0091,P034,S05,West,Offline,2025-05-18,1,1908,0.05
1869,C0179,P029,S05,North,Online,2025-05-19,2,991,0.0
1870,C0191,P004,S05,East,Online,2025-05-20,4,1147,0.15
1871,C0052,P017,S04,North,Offline,2025-05-21,1,1751,0.15
1872,C0166,P035,S01,South,Offline,2025-05-22,4,762,0.0
1873,C0079,P013,S05,East,Online,2025-05-23,2,1973,0.15
1874,C0030,P041,S02,South,Offline,2025-05-24,1,1173,0.0
1875,C0106,P039,S05,Central,Offline,2025-05-25,2,1625,0.15
1876,C0051,P015,S04,South,Online,2025-05-26,1,817,0.0
1877,C0081,P029,S02,Central,Online,2025-05-27,2,1621,0.05
1878,C0133,P029,S04,Central,Online,2025-05-28,4,1458,0.15
1879,C0029,P011,S02,South,Offline,2025-05-29,4,1202,0.05
1880,C0132,P032,S03,South,Offline,2025-05-30,2,1705,0.15
1881,C0138,P002,S01,Central,Online,2025-05-31,1,1150,0.15
1882,C0184,P047,S01,East,Online,2025-06-01,3,370,0.1
1883,C0145,P014,S04,Central,Offline,2025-06-02,4,661,0.0
1884,C0074,P020,S01,West,Online,2025-06-03,4,903,0.05
1885,C0017,P022,S04,Central,Offline,2025-06-04,3,346,0.05
1886,C0084,P011,S04,East,Offline,2025-06-05,2,1899,0.05
1887,C0069,P027,S04,West,Online,2025-06-06,1,1714,0.0
1888,C0034,P003,S01,North,Online,2025-06-07,2,486,0.1
1889,C0006,P017,S04,North,Offline,2025-06-08,5,801,0.05
1890,C0053,P044,S01,East,Online,2025-06-09,4,658,0.0
1891,C0194,P028,S04,Central,Online,2025-06-10,5,1072,0.15
1892,C0126,P029,S05,South,Online,2025-06-11,4,1484,0.05
1893,C0043,P021,S04,East,Online,2025-06-12,4,1989,0.05
1894,C0115,P047,S02,West,Offline,2025-06-13,5,1083,0.1
1895,C0111,P016,S04,West,Offline,2025-06-14,5,1611,0.05
1896,C0151,P037,S03,North,Offline,2025-06-15,2,451,0.05
1897,C0183,P020,S04,West,Offline,2025-06-16,5,1824,0.15
1898,C0080,P006,S02,East,Online,2025-06-17,2,1379,0.0
1899,C0095,P019,S02,West,Online,2025-06-18,2,1345,0.0
1900,C0118,P005,S01,East,Offline,2025-06-19,2,852,0.1
1901,C0144,P003,S05,South,Offline,2025-06-20,4,880,0.15
1902,C0008,P001,S04,North,Online,2025-06-21,4,1124,0.0
1903,C0132,P038,S01,West,Offline,2025-06-22,5,645,0.15
1904,C0104,P015,S05,East,Offline,2025-06-23,4,1569,0.0
1905,C0132,P034,S04,Central,Online,2025-06-24,5,178,0.15
1906,C0184,P035,S03,North,Offline,2025-06-25,4,1359,0.1
1907,C0025,P049,S04,South,Online,2025-06-26,1,433,0.05
1908,C0195,P025,S02,East,Online,2025-06-27,1,988,0.1
1909,C0096,P024,S02,South,Offline,2025-06-28,5,1472,0.0
1910,C0195,P012,S03,South,Online,2025-06-29,4,1221,0.1
1911,C0155,P018,S01,West,Offline,2025-06-30,4,1205,0.05
1912,C0093,P015,S05,West,Online,2025-07-01,2,601,0.1
1913,C0160,P044,S04,East,Offline,2025-07-02,3,1600,0.0
1914,C0178,P016,S02,Central,Offline,2025-07-03,5,1827,0.0
1915,C0061,P027,S01,East,Offline,2025-07-04,3,864,0.1
1916,C0122,P008,S03,Central,Online,2025-07-05,3,1020,0.05
1917,C0051,P046,S02,South,Online,2025-07-06,5,649,0.1
1918,C0147,P025,S03,North,Offline,2025-07-07,4,113,0.05
1919,C0021,P017,S04,East,Online,2025-07-08,5,491,0.15
1920,C0005,P029,S05,East,Offline,2025-07-09,3,1470,0.05
1921,C0092,P008,S02,Central,Offline,2025-07-10,4,409,0.15
1922,C0170,P015,S02,South,Online,2025-07-11,1,485,0.1
1923,C0061,P027,S04,South,Offline,2025-07-12,5,1332,0.05
1924,C0022,P046,S01,Central,Online,2025-07-13,5,1480,0.15
1925,C0149,P050,S05,South,Offline,2025-07-14,4,1073,0.15
1926,C0070,P007,S02,West,Online,2025-07-15,1,1724,0.15
1927,C0001,P003,S05,North,Offline,2025-07-16,1,1691,0.0
1928,C0133,P029,S02,East,Offline,2025-07-17,4,1217,0.1
1929,C0012,P044,S05,North,Online,2025-07-18,2,1216,0.15
1930,C0090,P024,S03,East,Offline,2025-07-19,5,439,0.05
1931,C0046,P003,S02,West,Offline,2025-07-20,5,696,0.15
1932,C0034,P020,S05,South,Online,2025-07-21,3,1568,0.0
1933,C0177,P046,S01,Central,Offline,2025-07-22,4,856,0.1
1934,C0078,P015,S03,West,Online,2025-07-23,3,1145,0.0
1935,C0045,P025,S03,North,Offline,2025-07-24,3,390,0.0
1936,C0155,P030,S01,Central,Online,2025-07-25,1,1608,0.0
1937,C0073,P014,S05,South,Offline,2025-07-26,5,1907,0.05
1938,C0026,P007,S04,West,Offline,2025-07-27,3,405,0.1
1939,C0047,P017,S01,Central,Offline,2025-07-28,1,733,0.1
1940,C0121,P044,S05,West,Online,2025-07-29,4,1251,0.05
1941,C0056,P020,S01,West,Online,2025-07-30,3,724,0.1
1942,C0094,P036,S01,South,Online,2025-07-31,5,1038,0.0
1943,C0107,P009,S02,East,Online,2025-08-01,3,1396,0.1
1944,C0063,P038,S05,Central,Offline,2025-08-02,4,947,0.05
1945,C0048,P048,S04,South,Offline,2025-08-03,3,541,0.0
1946,C0061,P022,S02,West,Online,2025-08-04,5,602,0.05
1947,C0081,P002,S01,South,Online,2025-08-05,1,229,0.15
1948,C0026,P024,S01,East,Online,2025-08-06,5,1255,0.0
1949,C0036,P008,S01,Central,Offline,2025-08-07,1,696,0.0
1950,C0001,P011,S05,East,Online,2025-08-08,2,1605,0.1
1951,C0008,P013,S05,North,Online,2025-08-09,5,961,0.0
1952,C0113,P017,S02,Central,Offline,2025-08-10,5,1513,0.05
1953,C0099,P008,S04,East,Offline,2025-08-11,4,692,0.1
1954,C0180,P021,S02,West,Online,2025-08-12,3,1098,0.15
1955,C0047,P018,S03,Central,Offline,2025-08-13,1,424,0.05
1956,C0127,P030,S01,Central,Online,2025-08-14,1,1192,0.15
1957,C0056,P018,S01,South,Offline,2025-08-15,4,1783,0.15
1958,C0014,P046,S01,West,Online,2025-08-16,4,547,0.15
1959,C0028,P047,S02,North,Online,2025-08-17,3,1651,0.0
1960,C0078,P031,S02,East,Online,2025-08-18,3,918,0.05
1961,C0130,P038,S01,South,Online,2025-08-19,5,1740,0.05
1962,C0109,P032,S02,East,Offline,2025-08-20,2,1288,0.0
1963,C0154,P011,S05,North,Offline,2025-08-21,3,1611,0.1
1964,C0014,P045,S05,North,Offline,2025-08-22,4,1836,0.15
1965,C0187,P025,S02,Central,Offline,2025-08-23,3,808,0.05
1966,C0056,P033,S01,North,Online,2025-08-24,1,1549,0.0
1967,C0115,P038,S02,East,Online,2025-08-25,2,1820,0.15
1968,C0007,P041,S02,West,Offline,2025-08-26,5,1957,0.1
1969,C0003,P008,S02,West,Offline,2025-08-27,1,364,0.1
1970,C0111,P011,S03,Central,Offline,2025-08-28,1,1998,0.15
1971,C0151,P022,S05,East,Offline,2025-08-29,2,711,0.1
1972,C0107,P024,S04,East,Offline,2025-08-30,5,1465,0.05
1973,C0018,P041,S04,North,Online,2025-08-31,4,931,0.05
1974,C0038,P017,S03,East,Online,2025-09-01,5,1849,0.05
1975,C0115,P012,S02,South,Online,2025-09-02,3,1401,0.1
1976,C0015,P046,S03,North,Offline,2025-09-03,1,773,0.05
1977,C0192,P032,S03,South,Offline,2025-09-04,3,1562,0.0
1978,C0119,P015,S01,Central,Offline,2025-09-05,4,256,0.05
1979,C0028,P016,S05,West,Offline,2025-09-06,3,1545,0.05
1980,C0039,P022,S04,Central,Online,2025-09-07,5,350,0.1
1981,C0185,P028,S02,West,Online,2025-09-08,3,977,0.05
1982,C0017,P020,S04,Central,Offline,2025-09-09,4,1732,0.15
1983,C0086,P033,S04,East,Online,2025-09-10,4,629,0.0
1984,C0126,P010,S05,South,Online,2025-09-11,4,426,0.1
1985,C0044,P040,S04,West,Offline,2025-09-12,5,1060,0.0
1986,C0025,P032,S04,North,Offline,2025-09-13,4,994,0.15
1987,C0145,P050,S03,South,Offline,2025-09-14,1,196,0.1
1988,C0013,P033,S05,North,Offline,2025-09-15,4,612,0.1
1989,C0025,P002,S01,South,Offline,2025-09-16,3,315,0.05
1990,C0068,P033,S02,South,Offline,2025-09-17,3,1255,0.0
1991,C0138,P033,S04,Central,Online,2025-09-18,3,1383,0.15
1992,C0067,P041,S02,West,Online,2025-09-19,5,224,0.15
1993,C0109,P013,S01,West,Offline,2025-09-20,3,1205,0.1
1994,C0146,P030,S02,South,Online,2025-09-21,5,1406,0.05
1995,C0111,P033,S01,East,Offline,2025-09-22,5,1806,0.1
1996,C0111,P013,S03,East,Offline,2025-09-23,4,158,0.1
1997,C0034,P026,S04,North,Offline,2025-09-24,1,1667,0.1
1998,C0111,P022,S01,North,Offline,2025-09-25,4,260,0.1
1999,C0008,P039,S02,Central,Online,2025-09-26,4,383,0.15
